Show Title,Description
Car S.O.S,"Car SOS is back for series 10, restoring classic cars for deserving owners. As they approach their 100th restoration the boys..."
When Sharks Attack,"Shark attacks seem to be on the rise – but why? Scientists investigate these shark encounters, in an attempt at uncovering..."
Wicked Tuna,"Gloucester, Massachusetts is the oldest fishing port in the United States and for the last ten years, a fleet of Gloucester..."
Untamed Wild,"National Geographic Abu Dhabi brings 10 hours of bespoke of thrilling programming and dedicated, to natur's fiercest big..."
Big Cat Special,"Kicks off its 12th Big Cat Week in Winter 2023. Recognizing how big cats are continuing to face big challenges, Nat Geo Wild's..."
Hitler's Last Stand,"On June 6th, 1944, the Allies finally land troops in Normandy to open the western front. But after the surprise of the D-Day..."
First Alaskans,In this brand-new returnable observational documentary series follows a select few of the original inhabitants who are relying...
"Cesar Millan: Better Human, Better Dog","Pet owners across America need help more than ever. Fortunately, there's hope. Cesar Millan is ready to take on his most..."
Primal Survivor: Mighty Mekong,"Survivalist Hazen Audel travels 500 miles along the Mekong River Basin, in the journey of a lifetime. He faces remote jungle..."
Earth Day Specials,See how human advancements and modernisation is taking a toll on our nature's balance. Realise how earth is grappling with...
Hooked!,"Hooked is a wild, unforgettable ride of the world's whopper catches."
Built For Destruction,"We put some of the most dangerous volcanoes in the world under the spotlight and find out how they're able to wipe out cities,..."
Everyday Things,The most mundane items in your home hide fascinating secrets as this compelling series featuring Adam Hart- Davis explains.The...
Speed,"It's one of the flattest places in North America, a giant expanse of salt so vast you can see the curvature of the earth. Each..."
Wild Mississippi,This 3-part blue chip natural history series reveals the rarely-seen magic along the longest river system in the United...
How Hard Can It Be?,How many balloons could lift up a house? How high could a rocket reach that's made only from material bought at a hardware...
Secrets Of Wild India,"Hidden away in the shadow of the Himalayas, roam the last great herds of India’s giant grazers; one-horned rhinoceroses,..."
Wild Congo,"The ultimate series about Africa's most mysterious, dangerous and biggest river - the second biggest on Earth. The blood..."
Machines Of War,Machine Gun unravels the history of the deadly rapid-fire weaponry favoured by both military and gangsters. We examine how 150...
Challenge The Desert 2- Morocco,"This is the story of the ultimate challenge of technology vs. terrain, following one team, Team HRC, as they battle for..."
